,phylo0,S,lat.abs,Latitude.Google,Temperature,hemi
SAKR1,360.40999,2579,33.8471823,-33.8471823,18,South
SAKR2,364.89261,2476,33.8471823,-33.8471823,18,South
SAKR3,367.63007,2591,33.8471823,-33.8471823,18,South
SAKR4,378.99787,2660,33.8471823,-33.8471823,18,South
SAKR5,370.00713,2571,33.8471823,-33.8471823,18,South
SAKR6,382.05668,2663,33.8471823,-33.8471823,18,South
SASC1,426.0588,3090,33.8712423,-33.8712423,18,South
SASC2,432.29266,3120,33.8712423,-33.8712423,18,South
SASC3,437.37983,3096,33.8712423,-33.8712423,18,South
SASC4,439.91785,3115,33.8712423,-33.8712423,18,South
SASC5,432.47367,3048,33.8712423,-33.8712423,18,South
SASC6,434.45678,3060,33.8712423,-33.8712423,18,South
SAKB1,321.30943,2146,30.075822,-30.075822,18,South
SAKB2,321.66625,2092,30.075822,-30.075822,18,South
SAKB3,322.43017,2103,30.075822,-30.075822,18,South
SAKB4,321.10675,2088,30.075822,-30.075822,18,South
SAKB5,323.94996,2096,30.075822,-30.075822,18,South
SAKB6,319.31099,2053,30.075822,-30.075822,18,South
SAPN1,302.2201,1805,29.702788,-29.702788,21,South
SAPN2,291.60847,1760,29.702788,-29.702788,21,South
SAPN3,302.72674,1825,29.702788,-29.702788,21,South
SAPN4,286.96486,1784,29.702788,-29.702788,21,South
SAPN5,295.3386,1724,29.702788,-29.702788,21,South
SAPN6,299.42045,1793,29.702788,-29.702788,21,South
SADP1,343.18864,2218,25.7362381,-25.7362381,21,South
SADP2,339.35018,2184,25.7362381,-25.7362381,21,South
SADP3,341.05058,2289,25.7362381,-25.7362381,21,South
SADP4,339.5927,2296,25.7362381,-25.7362381,21,South
SADP5,343.2124,2260,25.7362381,-25.7362381,21,South
SADP6,344.7628,2284,25.7362381,-25.7362381,21,South
SAZK1,351.77957,2313,25.5355278,-25.5355278,21,South
SAZK2,345.03452,2198,25.5355278,-25.5355278,21,South
SAZK3,337.45736,2172,25.5355278,-25.5355278,21,South
SAZK4,351.04473,2239,25.5355278,-25.5355278,21,South
SAZK5,343.11371,2215,25.5355278,-25.5355278,21,South
SAZK6,329.59281,2117,25.5355278,-25.5355278,21,South
CNBJ1AA,346.58633,2657,40.042203,40.042203,13.33333333,North
CNBJ1AB,381.03547,2787,40.042203,40.042203,13.33333333,North
CNBJ1AC,366.13491,2654,40.042203,40.042203,13.33333333,North
CNBJ1BA,361.26674,2723,40.042203,40.042203,13.33333333,North
CNBJ1BB,368.33707,2769,40.042203,40.042203,13.33333333,North
CNBJ1BC,361.49889,2686,40.042203,40.042203,13.33333333,North
CNBJ1CA,341.86014,2544,40.042203,40.042203,13.33333333,North
CNBJ1CB,327.81598,2481,40.042203,40.042203,13.33333333,North
CNBJ1CC,322.76265,2423,40.042203,40.042203,13.33333333,North
CNBJ2A,388.39262,2829,40.008492,40.008492,13.33333333,North
CNBJ2B,392.38658,2806,40.008492,40.008492,13.33333333,North
CNBJ2C,395.71501,2854,40.008492,40.008492,13.33333333,North
CNBJ3A,328.55652,2434,39.895727,39.895727,13.33333333,North
CNBJ3B,329.28171,2409,39.895727,39.895727,13.33333333,North
CNBJ3C,322.10532,2326,39.895727,39.895727,13.33333333,North
CNBJ4A,330.68251,2268,39.825675,39.825675,13.33333333,North
CNBJ4B,308.83134,2164,39.825675,39.825675,13.33333333,North
CNBJ4C,310.50031,2171,39.825675,39.825675,13.33333333,North
CNBJ5AA,398.84064,3002,39.923209,39.923209,13.33333333,North
CNBJ5AB,395.84547,2952,39.923209,39.923209,13.33333333,North
CNBJ5AC,403.6844,3008,39.923209,39.923209,13.33333333,North
CNBJ5BA,392.29862,2936,39.923209,39.923209,13.33333333,North
CNBJ5BB,385.7486,2877,39.923209,39.923209,13.33333333,North
CNBJ5BC,391.08679,2893,39.923209,39.923209,13.33333333,North
CNBJ6BA,344.98216,2594,40.44949,40.44949,13.33333333,North
CNBJ6BB,343.1776,2656,40.44949,40.44949,13.33333333,North
CNBJ6BC,338.95097,2579,40.44949,40.44949,13.33333333,North
CNCD1A,409.8654,3235,30.584053,30.584053,17.77777778,North
CNCD1B,417.52165,3238,30.584053,30.584053,17.77777778,North
CNCD1C,419.47723,3303,30.584053,30.584053,17.77777778,North
CNCD2A,416.04408,3093,30.661136,30.661136,17.77777778,North
CNCD2B,407.88613,2966,30.661136,30.661136,17.77777778,North
CNCD2C,418.71023,2891,30.661136,30.661136,17.77777778,North
CNCD3A,379.19413,2839,30.47377,30.47377,17.77777778,North
CNCD3B,355.38945,2686,30.47377,30.47377,17.77777778,North
CNCD3C,360.1751,2740,30.47377,30.47377,17.77777778,North
CNCD4A,408.8053,3005,30.512031,30.512031,17.77777778,North
CNCD4B,393.30688,2987,30.512031,30.512031,17.77777778,North
CNCD4C,387.8141,3002,30.512031,30.512031,17.77777778,North
CNSH1A,353.43403,2562,31.281531,31.281531,17.77777778,North
CNSH1B,360.35454,2626,31.281531,31.281531,17.77777778,North
CNSH1C,350.87589,2372,31.281531,31.281531,17.77777778,North
CNSH2A,415.10486,2990,31.250593,31.250593,17.77777778,North
CNSH2B,415.29884,2970,31.250593,31.250593,17.77777778,North
CNSH2C,419.21721,3018,31.250593,31.250593,17.77777778,North
CNSH3A,328.42432,2388,31.346326,31.346326,17.77777778,North
CNSH3B,347.46276,2567,31.346326,31.346326,17.77777778,North
CNSH3C,324.95215,2429,31.346326,31.346326,17.77777778,North
CNSH4A,353.48081,2571,31.345812,31.345812,17.77777778,North
CNSH4B,349.15374,2504,31.345812,31.345812,17.77777778,North
CNSH4C,348.29791,2494,31.345812,31.345812,17.77777778,North
CNSH5A,306.99393,2204,31.170311,31.170311,17.77777778,North
CNSH5B,314.43657,2233,31.170311,31.170311,17.77777778,North
CNSH5C,306.01889,2209,31.170311,31.170311,17.77777778,North
CNWX1AA,380.84693,2895,31.61163,31.61163,17.77777778,North
CNWX1AB,384.38302,2880,31.61163,31.61163,17.77777778,North
CNWX1AC,381.83881,2881,31.61163,31.61163,17.77777778,North
CNWX1BA,413.19785,3045,31.61163,31.61163,17.77777778,North
CNWX1BB,399.15661,2906,31.61163,31.61163,17.77777778,North
CNWX1BC,420.08933,3089,31.61163,31.61163,17.77777778,North
CNWX2A,370.70034,2758,31.536145,31.536145,17.77777778,North
CNWX2B,400.65427,2984,31.536145,31.536145,17.77777778,North
CNWX2C,355.7259,2695,31.536145,31.536145,17.77777778,North
CNWX3AA,346.0374,2645,31.492407,31.492407,17.77777778,North
CNWX3AB,339.57485,2602,31.492407,31.492407,17.77777778,North
CNWX3AC,333.47554,2618,31.492407,31.492407,17.77777778,North
CNWX3BA,338.86944,2624,31.492407,31.492407,17.77777778,North
CNWX3BB,328.06242,2434,31.492407,31.492407,17.77777778,North
CNWX3BC,331.3012,2415,31.492407,31.492407,17.77777778,North
CNWX4A,408.98836,3022,31.528375,31.528375,17.77777778,North
CNWX4B,420.96064,3056,31.528375,31.528375,17.77777778,North
CNWX4C,417.7574,3007,31.528375,31.528375,17.77777778,North
CNCQ1A,328.3126,2528,29.549619,29.549619,18.33333333,North
CNCQ1B,322.2622,2512,29.549619,29.549619,18.33333333,North
CNCQ1C,335.97657,2611,29.549619,29.549619,18.33333333,North
CNCQ2A,376.75293,2905,29.597864,29.597864,18.33333333,North
CNCQ2B,374.44596,2861,29.597864,29.597864,18.33333333,North
CNCQ2C,416.03871,3167,29.597864,29.597864,18.33333333,North
CNCQ3A,356.39657,2543,29.439108,29.439108,18.33333333,North
CNCQ3B,364.51029,2699,29.439108,29.439108,18.33333333,North
CNCQ3C,411.39772,3221,29.439108,29.439108,18.33333333,North
CNCQ4A,409.04879,3094,29.47143,29.47143,18.33333333,North
CNCQ4B,395.49611,3005,29.47143,29.47143,18.33333333,North
CNCQ4C,398.6223,2987,29.47143,29.47143,18.33333333,North
CNCS1A,360.49796,2605,28.277192,28.277192,18.33333333,North
CNCS1B,381.21458,2855,28.277192,28.277192,18.33333333,North
CNCS1C,361.78326,2627,28.277192,28.277192,18.33333333,North
CNCS2A,334.49314,2453,28.24702,28.24702,18.33333333,North
CNCS2B,311.6273,2284,28.24702,28.24702,18.33333333,North
CNCS2C,329.80661,2407,28.24702,28.24702,18.33333333,North
CNCS3AA,400.8197,2990,28.248374,28.248374,18.33333333,North
CNCS3AB,407.68022,2950,28.248374,28.248374,18.33333333,North
CNCS3AC,416.83282,3058,28.248374,28.248374,18.33333333,North
CNCS3BA,413.89149,3030,28.248374,28.248374,18.33333333,North
CNCS3BB,374.29676,2733,28.248374,28.248374,18.33333333,North
CNCS3BC,411.54134,3029,28.248374,28.248374,18.33333333,North
CNCS4A,293.76963,2198,28.204026,28.204026,18.33333333,North
CNCS4B,296.66891,2143,28.204026,28.204026,18.33333333,North
CNCS4C,304.72672,2268,28.204026,28.204026,18.33333333,North
CNDL1AA,292.70451,2067,38.877748,38.877748,12.22222222,North
CNDL1AB,311.59974,2232,38.877748,38.877748,12.22222222,North
CNDL1AC,275.26722,1933,38.877748,38.877748,12.22222222,North
CNDL1BA,278.02492,2012,38.877748,38.877748,12.22222222,North
CNDL1BB,291.05719,1980,38.877748,38.877748,12.22222222,North
CNDL1BC,276.36523,1902,38.877748,38.877748,12.22222222,North
CNDL2AA,201.57696,1455,38.865825,38.865825,12.22222222,North
CNDL2AB,169.88724,1315,38.865825,38.865825,12.22222222,North
CNDL2AC,168.39049,1286,38.865825,38.865825,12.22222222,North
CNDL2BA,194.58968,1406,38.865825,38.865825,12.22222222,North
CNDL2BB,197.86964,1424,38.865825,38.865825,12.22222222,North
CNDL2BC,195.52556,1408,38.865825,38.865825,12.22222222,North
CNHB3A,403.54595,3102,45.816232,45.816232,4.444444444,North
CNHB3B,398.02108,3010,45.816232,45.816232,4.444444444,North
CNHB3C,380.38778,2921,45.816232,45.816232,4.444444444,North
CNHB4A,403.64584,3167,45.816232,45.816232,4.444444444,North
CNHB4B,415.84781,3159,45.816232,45.816232,4.444444444,North
CNHB4C,402.50666,3093,45.816232,45.816232,4.444444444,North
CNHB5A,398.3232,3038,45.815328,45.815328,4.444444444,North
CNHB5B,393.98549,2948,45.815328,45.815328,4.444444444,North
CNHB5C,398.81228,2913,45.815328,45.815328,4.444444444,North
CNHB6A,408.88434,3102,45.815328,45.815328,4.444444444,North
CNHB6B,400.87366,3055,45.815328,45.815328,4.444444444,North
CNHB6C,400.34367,3082,45.815328,45.815328,4.444444444,North
CNHB7A,431.49454,3147,45.757873,45.757873,4.444444444,North
CNHB7B,387.984,2776,45.757873,45.757873,4.444444444,North
CNHB7C,321.75487,2158,45.757873,45.757873,4.444444444,North
CNJN1A,277.45571,1928,36.704715,36.704715,4.444444444,North
CNJN1B,266.43692,1931,36.704715,36.704715,4.444444444,North
CNJN1C,266.72956,1912,36.704715,36.704715,4.444444444,North
CNJN2A,301.14026,2065,36.694975,36.694975,4.444444444,North
CNJN2B,305.03703,2089,36.694975,36.694975,4.444444444,North
CNJN2C,308.07714,2074,36.694975,36.694975,4.444444444,North
CNJN3A,318.62494,2287,36.730465,36.730465,4.444444444,North
CNJN3B,317.54911,2395,36.730465,36.730465,4.444444444,North
CNJN3C,301.39067,2262,36.730465,36.730465,4.444444444,North
CNJN4A,338.24986,2474,36.691719,36.691719,4.444444444,North
CNJN4B,329.83754,2436,36.691719,36.691719,4.444444444,North
CNJN4C,334.16424,2470,36.691719,36.691719,4.444444444,North
CNQD1A,397.29107,2804,36.109714,36.109714,13.88888889,North
CNQD1B,381.97135,2726,36.109714,36.109714,13.88888889,North
CNQD1C,376.15201,2744,36.109714,36.109714,13.88888889,North
CNQD2A,352.21388,2606,36.20789,36.20789,13.88888889,North
CNQD2B,344.25805,2523,36.20789,36.20789,13.88888889,North
CNQD2C,356.63072,2572,36.20789,36.20789,13.88888889,North
CNQD3AA,304.17602,2134,36.061494,36.061494,13.88888889,North
CNQD3AB,303.75141,2198,36.061494,36.061494,13.88888889,North
CNQD3AC,317.11793,2231,36.061494,36.061494,13.88888889,North
CNQD4AA,326.23095,2525,36.15167,36.15167,13.88888889,North
CNQD4AB,320.27891,2372,36.15167,36.15167,13.88888889,North
CNQD4AC,312.59132,2391,36.15167,36.15167,13.88888889,North
CNSY1A,352.66974,2557,18.210747,18.210747,25.55555556,North
CNSY1B,338.64325,2569,18.210747,18.210747,25.55555556,North
CNSY1C,321.13805,2371,18.210747,18.210747,25.55555556,North
CNSY1S,375.91897,2840,18.210747,18.210747,25.55555556,North
CNSY2A,318.89002,2280,18.297896,18.297896,25.55555556,North
CNSY3A,422.57688,3152,18.398568,18.398568,25.55555556,North
CNSY3B,404.68235,2976,18.398568,18.398568,25.55555556,North
CNSY3C,469.90645,3464,18.398568,18.398568,25.55555556,North
CNSY4S,400.17167,2935,18.231386,18.231386,25.55555556,North
CNWH1A,395.5022,2945,30.590263,30.590263,17.22222222,North
CNWH1B,362.65624,2748,30.590263,30.590263,17.22222222,North
CNWH1C,378.05052,2813,30.590263,30.590263,17.22222222,North
CNWH2A,332.87557,2466,30.6706,30.6706,17.22222222,North
CNWH2B,336.40984,2466,30.6706,30.6706,17.22222222,North
CNWH2C,347.8108,2469,30.6706,30.6706,17.22222222,North
CNWH3A,396.37071,2824,30.56381,30.56381,17.22222222,North
CNWH3B,387.27271,2904,30.56381,30.56381,17.22222222,North
CNWH3C,386.8327,2944,30.56381,30.56381,17.22222222,North
CNWH4A,341.26219,2546,30.494677,30.494677,17.22222222,North
CNWH4B,330.39408,2455,30.494677,30.494677,17.22222222,North
CNWH4C,348.7953,2596,30.494677,30.494677,17.22222222,North
CNXA1A,431.38088,3152,34.300057,34.300057,13.88888889,North
CNXA1B,431.75134,3103,34.300057,34.300057,13.88888889,North
CNXA1C,420.57407,3158,34.300057,34.300057,13.88888889,North
CNXA2A,389.30436,2822,34.36737,34.36737,13.88888889,North
CNXA2B,376.16746,2849,34.36737,34.36737,13.88888889,North
CNXA2C,393.17829,2927,34.36737,34.36737,13.88888889,North
CNXA3A,415.43029,3040,34.374074,34.374074,13.88888889,North
CNXA3B,411.55418,3023,34.374074,34.374074,13.88888889,North
CNXA3C,399.41321,2991,34.374074,34.374074,13.88888889,North
CNXA4A,431.11717,3259,34.207082,34.207082,13.88888889,North
CNXA4B,416.65833,3072,34.207082,34.207082,13.88888889,North
CNXA4C,423.08837,3129,34.207082,34.207082,13.88888889,North
CNXM1A,358.53671,2575,24.466062,24.466062,22.22222222,North
CNXM1B,347.42496,2482,24.466062,24.466062,22.22222222,North
CNXM1C,355.22875,2507,24.466062,24.466062,22.22222222,North
CNXM2A,306.27619,2202,24.558464,24.558464,22.22222222,North
CNXM2B,288.02445,1955,24.558464,24.558464,22.22222222,North
CNXM2C,302.07642,2153,24.558464,24.558464,22.22222222,North
CNXM3A,358.75436,2526,24.464841,24.464841,22.22222222,North
CNXM3B,345.37336,2423,24.464841,24.464841,22.22222222,North
CNXM3C,343.58143,2412,24.464841,24.464841,22.22222222,North
CNXM4A,376.53128,2813,24.583595,24.583595,22.22222222,North
CNXM4B,374.62786,2775,24.583595,24.583595,22.22222222,North
CNXM4C,379.14842,2826,24.583595,24.583595,22.22222222,North
CNSZ1A,378.01288,2771,22.514428,22.514428,23.33333333,North
CNSZ1B,388.6546,2777,22.514428,22.514428,23.33333333,North
CNSZ1C,391.11681,2828,22.514428,22.514428,23.33333333,North
CNSZ2A,238.14301,1576,22.564929,22.564929,23.33333333,North
CNSZ2B,245.76281,1640,22.564929,22.564929,23.33333333,North
CNSZ2C,242.83736,1608,22.564929,22.564929,23.33333333,North
CNSZ3AA,370.91014,2771,22.535723,22.535723,23.33333333,North
CNSZ3AB,389.54857,2919,22.535723,22.535723,23.33333333,North
CNSZ3AC,380.39595,2790,22.535723,22.535723,23.33333333,North
CNSZ3BA,362.86683,2720,22.535723,22.535723,23.33333333,North
CNSZ3BB,370.82266,2719,22.535723,22.535723,23.33333333,North
CNSZ3BC,366.58943,2707,22.535723,22.535723,23.33333333,North
CNSZ4AA,303.51195,2053,22.542849,22.542849,23.33333333,North
CNSZ4AB,313.90925,2132,22.542849,22.542849,23.33333333,North
CNSZ4AC,317.00832,2119,22.542849,22.542849,23.33333333,North
CNSZ4BA,459.61854,3197,22.542849,22.542849,23.33333333,North
JPSD1A,319.70185,2187,38.264483,38.264483,11.66666667,North
JPSD1B,374.40706,2802,38.264483,38.264483,11.66666667,North
JPSD1C,369.20473,2765,38.264483,38.264483,11.66666667,North
JPSD1D,256.9106,1804,38.264483,38.264483,11.66666667,North
JPSD1E,273.49275,1829,38.264483,38.264483,11.66666667,North
JPSD1F,288.82822,1994,38.264483,38.264483,11.66666667,North
SGEA1A,284.02527,1829,1.316841,1.316841,26.98,North
SGEA1B,296.92558,1984,1.316841,1.316841,26.98,North
SGEA1C,291.6584,1909,1.316841,1.316841,26.98,North
SGJR1A,369.88847,2535,1.314153,1.314153,26.98,North
SGJR1B,367.57119,2569,1.314153,1.314153,26.98,North
SGJR1C,359.55744,2550,1.314153,1.314153,26.98,North
SGKJ1A,355.46503,2322,1.427221,1.427221,26.98,North
SGKJ1B,345.26182,2326,1.427221,1.427221,26.98,North
SGKJ1C,350.88641,2341,1.427221,1.427221,26.98,North
SGWE1A,450.32828,3131,1.332596,1.332596,26.98,North
SGWE1B,449.7697,3133,1.332596,1.332596,26.98,North
SGWE1C,461.06102,3221,1.332596,1.332596,26.98,North
SKGW1A,395.82426,2823,37.448936,37.448936,12.5,North
SKGW1B,388.31307,2834,37.448936,37.448936,12.5,North
SKGW1C,380.65572,2754,37.448936,37.448936,12.5,North
SKNJ1A,377.97834,2746,37.504722,37.504722,18.33333333,North
SKNJ1B,329.4732,2433,37.504722,37.504722,18.33333333,North
SKNJ1C,351.11068,2612,37.504722,37.504722,18.33333333,North
SKSN1A,442.26563,3309,37.5762,37.5762,18.33333333,North
SKSN1B,364.78974,2746,37.5762,37.5762,18.33333333,North
SKSN1C,367.538,2677,37.5762,37.5762,18.33333333,North
SKSW1A,424.57913,3069,37.211775,37.211775,12.3,North
SKSW1B,427.69646,3093,37.211775,37.211775,12.3,North
SKSW1C,411.65732,3003,37.211775,37.211775,12.3,North
TWKS1A,405.02771,2828,22.728158,22.728158,25.6,North
TWKS1B,405.65717,2897,22.728158,22.728158,25.6,North
TWKS1C,306.73744,2066,22.728158,22.728158,25.6,North
TWKS2A,404.00359,2868,22.684165,22.684165,25.6,North
TWKS2B,363.77118,2511,22.684165,22.684165,25.6,North
TWKS2C,378.30936,2646,22.684165,22.684165,25.6,North
TWTN1A,333.33214,2143,22.981875,22.981875,24.6,North
TWTN1B,308.85511,2106,22.981875,22.981875,24.6,North
TWTN1C,377.9316,2754,22.981875,22.981875,24.6,North
TWTN2A,293.25276,2061,23.185264,23.185264,24.6,North
TWTN2B,324.73535,2158,23.185264,23.185264,24.6,North
TWTN2C,283.57944,1822,23.185264,23.185264,24.6,North
AUEP1AA,346.004,2232,34.76752778,-34.76752778,17,South
AUEP1AB,321.14507,2133,34.76752778,-34.76752778,17,South
AUEP1AC,321.25492,2185,34.76752778,-34.76752778,17,South
AUEP1BA,323.92777,2142,34.76752778,-34.76752778,17,South
AUEP1BB,335.76443,2178,34.76752778,-34.76752778,17,South
AUEP1BC,335.28758,2183,34.76752778,-34.76752778,17,South
AUEP2AA,293.98268,1705,34.76752778,-34.76752778,17,South
AUEP2AB,305.75844,1830,34.76752778,-34.76752778,17,South
AUEP2AC,303.06262,1798,34.76752778,-34.76752778,17,South
AUEP2BA,296.58356,1770,34.76752778,-34.76752778,17,South
AUEP2BB,291.68754,1690,34.76752778,-34.76752778,17,South
AUEP2BC,325.83146,2197,34.76752778,-34.76752778,17,South
AUBR1A,267.21093,1826,27.433954,-27.433954,20,South
AUBR1B,283.62154,1932,27.433954,-27.433954,20,South
AUBR1C,261.42867,1963,27.433954,-27.433954,20,South
AUBR2A,250.6387,1884,27.433954,-27.433954,20,South
AUBR2B,252.47204,1877,27.433954,-27.433954,20,South
AUBR2C,274.28911,1826,27.433954,-27.433954,20,South
AULP1A,379.79734,2484,27.37338889,-27.37338889,20,South
AULP1B,373.50059,2374,27.37338889,-27.37338889,20,South
AULP1C,370.78752,2377,27.37338889,-27.37338889,20,South
AULP2A,379.24302,2415,27.37338889,-27.37338889,20,South
AULP2B,372.39673,2386,27.37338889,-27.37338889,20,South
AULP2C,383.7877,2370,27.37338889,-27.37338889,20,South
AULP3A,376.7078,2438,27.37338889,-27.37338889,20,South
AULP3B,381.01443,2449,27.37338889,-27.37338889,20,South
AULP3C,380.20503,2440,27.37338889,-27.37338889,20,South
AULP4A,369.79804,2291,27.37338889,-27.37338889,20,South
AULP4B,360.74031,2317,27.37338889,-27.37338889,20,South
AULP4C,360.333,2249,27.37338889,-27.37338889,20,South
AUCR1A,281.33879,1912,16.94397222,-16.94397222,25,South
AUCR1B,291.69605,2058,16.94397222,-16.94397222,25,South
AUCR1C,334.86095,2235,16.94397222,-16.94397222,25,South
AUCR2A,289.86015,1911,16.94397222,-16.94397222,25,South
AUCR2B,291.4617,2077,16.94397222,-16.94397222,25,South
AUCR2C,338.43691,2321,16.94397222,-16.94397222,25,South
AUMB1A,272.23139,1814,38.40853611,-38.40853611,15,South
AUMB1B,269.65245,1835,38.40853611,-38.40853611,15,South
AUMB1C,273.80125,1833,38.40853611,-38.40853611,15,South
AUML1A,422.70098,3282,37.91430556,-37.91430556,15,South
AUML1B,439.37485,3348,37.91430556,-37.91430556,15,South
AUML1C,424.48856,3313,37.91430556,-37.91430556,15,South
AUML2A,427.87539,3297,37.91430556,-37.91430556,15,South
AUML2B,431.75542,3357,37.91430556,-37.91430556,15,South
AUML2C,438.24278,3361,37.91430556,-37.91430556,15,South
AUML3A,329.66089,2037,37.91430556,-37.91430556,15,South
AUML3B,379.14941,2571,37.91430556,-37.91430556,15,South
AUML3C,329.37364,2005,37.91430556,-37.91430556,15,South
AUML4A,400.81992,2984,37.91430556,-37.91430556,15,South
AUML4B,394.41375,2940,37.91430556,-37.91430556,15,South
AUML4C,413.09857,2865,37.91430556,-37.91430556,15,South
AUXP1AA,324.67998,2238,33.65405556,-33.65405556,19,South
AUXP1AB,311.21633,2110,33.65405556,-33.65405556,19,South
AUXP1AC,315.37823,2138,33.65405556,-33.65405556,19,South
AUXP2AA,320.87817,2179,33.66922222,-33.66922222,19,South
AUXP2AB,325.31948,2132,33.66922222,-33.66922222,19,South
AUXP2AC,313.50736,2153,33.66922222,-33.66922222,19,South
AUXP2BA,294.07996,1725,33.66922222,-33.66922222,19,South
AUXP2BB,302.89319,1788,33.66922222,-33.66922222,19,South
AUXP2BC,290.80127,1733,33.66922222,-33.66922222,19,South
AUXP3AA,299.22733,1774,33.73602778,-33.73602778,19,South
AUXP3AB,281.75327,1656,33.73602778,-33.73602778,19,South
AUXP3AC,324.13092,2176,33.73602778,-33.73602778,19,South
AUXP3BA,339.71977,2391,33.73602778,-33.73602778,19,South
AUXP3BB,331.1751,2380,33.73602778,-33.73602778,19,South
AUXP3BC,358.90708,2571,33.73602778,-33.73602778,19,South
AUXP4AA,390.35265,2873,33.87186111,-33.87186111,19,South
AUXP4AB,380.10979,2837,33.87186111,-33.87186111,19,South
AUXP4AC,385.32534,2906,33.87186111,-33.87186111,19,South
AUXP4BA,414.97683,3143,33.87186111,-33.87186111,19,South
AUXP4BB,418.23469,3190,33.87186111,-33.87186111,19,South
AUXP4BC,419.64667,3131,33.87186111,-33.87186111,19,South
AUXP5AA,375.31331,2744,34.05752778,-34.05752778,19,South
AUXP5AB,375.53049,2710,34.05752778,-34.05752778,19,South
AUXP5AC,363.91725,2603,34.05752778,-34.05752778,19,South
AUTA1A,318.68665,2074,42.87330556,-42.87330556,12,South
AUTA1B,245.01776,1483,42.87330556,-42.87330556,12,South
AUTA1C,243.23613,1443,42.87330556,-42.87330556,12,South
AUTA2A,298.45249,1896,42.87330556,-42.87330556,12,South
AUTA2B,314.60023,2029,42.87330556,-42.87330556,12,South
AUTA2C,322.40879,2003,42.87330556,-42.87330556,12,South
AUWA1A,201.54727,1154,31.788696,-31.788696,19,South
AUWA1B,227.35479,1346,31.788696,-31.788696,19,South
AUWA1C,201.07317,1268,31.788696,-31.788696,19,South
AUWA2A,224.00339,1494,31.788696,-31.788696,19,South
AUWA2B,209.14885,1339,31.788696,-31.788696,19,South
AUWA2C,184.09172,1164,31.788696,-31.788696,19,South
NZBL1,255.22339,1884,43.538915,-43.538915,11,South
NZBL2,267.64793,1985,43.538915,-43.538915,11,South
NZBL3,250.34335,1869,43.538915,-43.538915,11,South
NZDM1,284.14538,1835,43.628613,-43.628613,11,South
NZDM2,334.89761,2260,43.628613,-43.628613,11,South
NZDM3,331.97713,2176,43.628613,-43.628613,11,South
NZOX1,293.6418,2097,43.295704,-43.295704,11,South
NZOX2,282.53112,2000,43.295704,-43.295704,11,South
NZOX3,286.94882,2019,43.295704,-43.295704,11,South
NZPN1,296.03986,2065,43.59166,-43.59166,11,South
NZPN2,285.5887,2014,43.59166,-43.59166,11,South
NZPN3,291.51613,1991,43.59166,-43.59166,11,South
ATLA1A,363.79708,2603,48.206519,48.206519,12,North
ATLA1B,352.21667,2590,48.206519,48.206519,12,North
ATLA1C,355.31331,2646,48.206519,48.206519,12,North
ATLA2A,369.18169,2730,48.206519,48.206519,12,North
ATLA2B,369.32848,2635,48.206519,48.206519,12,North
ATLA2C,358.7609,2597,48.206519,48.206519,12,North
ATLA3A,427.36632,2908,48.206519,48.206519,12,North
ATLA3B,409.42214,2832,48.206519,48.206519,12,North
ATLA3C,408.80594,2883,48.206519,48.206519,12,North
ATLA4A,284.00262,1977,48.206519,48.206519,12,North
ATLA4B,284.83408,1999,48.206519,48.206519,12,North
ATLA4C,293.26723,2047,48.206519,48.206519,12,North
DKAE1A,331.32313,2541,57.04521,57.04521,10,North
DKAE1B,325.6846,2573,57.04521,57.04521,10,North
DKAE1C,345.89665,2724,57.04521,57.04521,10,North
DKAW1A,319.35757,2490,57.04803,57.04803,10,North
DKAW1B,311.37641,2444,57.04803,57.04803,10,North
DKAW1C,308.14088,2401,57.04803,57.04803,10,North
DEKS1A,405.95838,3001,51.326566,51.326566,10,North
DEKS1B,361.29818,2623,51.326566,51.326566,10,North
DEKS1C,354.2294,2598,51.326566,51.326566,10,North
DEHE1A,322.21528,2367,49.102551,49.102551,12,North
DEHE1B,312.67313,2320,49.102551,49.102551,12,North
DEHE1C,310.01758,2318,49.102551,49.102551,12,North
DENE1A,225.34056,1695,49.044676,49.044676,12,North
DENE1B,233.66093,1762,49.044676,49.044676,12,North
DENE1C,228.06714,1758,49.044676,49.044676,12,North
DERA1A,368.47184,2805,48.883295,48.883295,12,North
DERA1B,364.79092,2731,48.883295,48.883295,12,North
DERA1C,361.84592,2732,48.883295,48.883295,12,North
ITMC3A,295.95728,2032,44.73902,44.73902,14,North
ITMC3B,295.24852,2099,44.73902,44.73902,14,North
ITMC3C,305.22254,2224,44.73902,44.73902,14,North
ITRB1A,353.73545,2483,44.657932,44.657932,14,North
ITRB1B,339.35331,2477,44.657932,44.657932,14,North
ITRB1C,350.73833,2543,44.657932,44.657932,14,North
ITRM1A,400.57724,2815,41.900909,41.900909,17,North
ITLF2A,428.44765,3247,44.63477,44.63477,14,North
ITLF2B,425.37046,3167,44.63477,44.63477,14,North
ITLF2C,435.1427,3292,44.63477,44.63477,14,North
ITFS4A,360.19453,2629,45.428291,45.428291,15,North
ITFS4B,345.30072,2529,45.428291,45.428291,15,North
LUSF1A,400.67212,2827,49.611272,49.611272,11,North
LUSF1B,402.34403,2811,49.611272,49.611272,11,North
LUSF1C,402.06845,2724,49.611272,49.611272,11,North
PTLB1A,179.28927,1200,38.722559,38.722559,17,North
PTLB1B,176.18425,1199,38.722559,38.722559,17,North
PTLB1C,172.86611,1150,38.722559,38.722559,17,North
PTLB2A,361.05418,2397,38.722559,38.722559,17,North
PTLB2B,348.5428,2356,38.722559,38.722559,17,North
PTLB2C,349.78824,2309,38.722559,38.722559,17,North
PTLB3A,294.28461,2157,38.722559,38.722559,17,North
PTLB3B,286.11798,2176,38.722559,38.722559,17,North
PTLB3C,286.16501,2210,38.722559,38.722559,17,North
PTLB4A,306.41141,2364,38.722559,38.722559,17,North
PTLB4B,294.60454,2218,38.722559,38.722559,17,North
PTLB4C,301.27869,2347,38.722559,38.722559,17,North
PTLB5A,342.32182,2522,38.722559,38.722559,17,North
PTLB5B,342.67846,2549,38.722559,38.722559,17,North
PTLB5C,343.94823,2575,38.722559,38.722559,17,North
PTLB6A,365.64289,2700,38.722559,38.722559,17,North
PTLB6B,355.43315,2672,38.722559,38.722559,17,North
SEGL1A,342.17179,2428,57.121704,57.121704,8,North
SEGL1B,321.0537,2356,57.121704,57.121704,8,North
SEGL1C,316.39875,2274,57.121704,57.121704,8,North
SEGL2A,320.03422,2328,57.121704,57.121704,8,North
SEGL2B,316.95846,2311,57.121704,57.121704,8,North
SEGL2C,327.10546,2378,57.121704,57.121704,8,North
SESD1A,342.26458,2302,56.899453,56.899453,10,North
SESD1B,339.63665,2361,56.899453,56.899453,10,North
SESD1C,331.19698,2272,56.899453,56.899453,10,North
SESD2A,260.72412,1785,56.899453,56.899453,10,North
SESD2B,242.33689,1706,56.899453,56.899453,10,North
SESD2C,248.26491,1718,56.899453,56.899453,10,North
SESD3A,236.7335,1690,56.899453,56.899453,10,North
SESD3B,251.91344,1768,56.899453,56.899453,10,North
SESD3C,244.04943,1733,56.899453,56.899453,10,North
SEUL1A,258.26696,1887,57.12038,57.12038,8,North
SEUL1B,254.77596,1814,57.12038,57.12038,8,North
SEUL1C,253.84966,1750,57.12038,57.12038,8,North
SEVS1A,173.88992,1270,57.244691,57.244691,8,North
SEVS1B,171.1114,1260,57.244691,57.244691,8,North
SEVS1C,165.56358,1262,57.244691,57.244691,8,North
CHBU1A,312.15311,2277,47.17694,47.17694,10,North
CHBU1B,304.3178,2252,47.17694,47.17694,10,North
CHBU1C,316.00264,2345,47.17694,47.17694,10,North
CHDA1A,210.08595,1570,46.757466,46.757466,7,North
CHDA1B,209.82062,1528,46.757466,46.757466,7,North
CHDA1C,206.07574,1522,46.757466,46.757466,7,North
CHGS1A,295.75125,2203,47.304044,47.304044,11,North
CHGS1B,291.68752,2164,47.304044,47.304044,11,North
CHGS1C,305.1168,2197,47.304044,47.304044,11,North
CHKU1A,217.54665,1683,47.310665,47.310665,11,North
CHKU1B,235.58115,1796,47.310665,47.310665,11,North
CHKU1C,225.11597,1679,47.310665,47.310665,11,North
UKML1A,346.2025,2485,51.617753,51.617753,12,North
UKML1B,344.31135,2496,51.617753,51.617753,12,North
UKML1C,338.9973,2435,51.617753,51.617753,12,North
UKSL1A,341.35161,2523,51.509435,51.509435,12,North
UKSL1B,342.93059,2529,51.509435,51.509435,12,North
UKSL1C,351.74448,2588,51.509435,51.509435,12,North
UKHD1A,164.93124,1162,54.990664,54.990664,10,North
UKHD1B,169.45633,1183,54.990664,54.990664,10,North
UKHD1C,170.70368,1179,54.990664,54.990664,10,North
UKTM1A,240.4094,1701,54.715492,54.715492,10,North
UKTM1B,249.4452,1733,54.715492,54.715492,10,North
UKTM1C,246.86045,1681,54.715492,54.715492,10,North
CAMT1A,277.34516,2089,45.4326294,45.4326294,6,North
CAMT1B,283.61843,2096,45.4326294,45.4326294,6,North
CAMT1C,280.90106,2076,45.4326294,45.4326294,6,North
CAMT10A,205.15891,1512,46.0485628,46.0485628,4,North
CAMT10B,211.30231,1599,46.0485628,46.0485628,4,North
CAMT10C,214.25506,1570,46.0485628,46.0485628,4,North
CAMT11A,252.07736,1853,46.1184616,46.1184616,4,North
CAMT11B,256.55799,1925,46.1184616,46.1184616,4,North
CAMT11C,263.35439,1923,46.1184616,46.1184616,4,North
CAMT2A,225.20445,1750,45.366389,45.366389,7,North
CAMT2B,228.40336,1774,45.366389,45.366389,7,North
CAMT2C,349.27342,2693,45.366389,45.366389,7,North
CAMT3A,275.97043,1906,45.4159003,45.4159003,7,North
CAMT3B,274.40816,1931,45.4159003,45.4159003,7,North
CAMT3C,279.72434,1933,45.4159003,45.4159003,7,North
CAMT4A,210.30529,1596,45.3978466,45.3978466,6,North
CAMT4B,215.51811,1550,45.3978466,45.3978466,6,North
CAMT4C,198.72813,1450,45.3978466,45.3978466,6,North
CAMT5A,324.28315,2363,45.4032289,45.4032289,6,North
CAMT5B,305.32583,2252,45.4032289,45.4032289,6,North
CAMT5C,297.43734,2253,45.4032289,45.4032289,6,North
CAMT6A,340.72462,2594,45.2062926,45.2062926,6,North
CAMT6B,339.532,2595,45.2062926,45.2062926,6,North
CAMT6C,351.29528,2462,45.2062926,45.2062926,6,North
CAMT7A,280.73557,2010,45.255509,45.255509,6,North
CAMT7B,260.86336,2026,45.255509,45.255509,6,North
CAMT7C,267.95543,2058,45.255509,45.255509,6,North
CAMT8A,374.45283,2849,45.2831318,45.2831318,6,North
CAMT8B,378.78789,2898,45.2831318,45.2831318,6,North
CAMT8C,392.5121,3003,45.2831318,45.2831318,6,North
CAMT9A,217.87677,1425,45.6306875,45.6306875,6,North
CAMT9B,214.22663,1411,45.6306875,45.6306875,6,North
CAMT9C,210.12236,1326,45.6306875,45.6306875,6,North
CAON1A,251.9732,1746,43.523833,43.523833,6,North
CAON1B,239.45399,1696,43.523833,43.523833,6,North
CAON1C,247.87899,1724,43.523833,43.523833,6,North
CAON2A,268.86794,1875,43.523833,43.523833,6,North
CAON2B,269.79503,1867,43.523833,43.523833,6,North
CAON2C,249.13779,1733,43.523833,43.523833,6,North
CAON3B,285.75789,1993,43.523833,43.523833,6,North
CAON3C,278.94574,1943,43.523833,43.523833,6,North
CAON4AA,392.12423,3048,43.523833,43.523833,6,North
CAON4AB,261.66892,2022,43.523833,43.523833,6,North
CAON4AC,257.69247,1980,43.523833,43.523833,6,North
CAON4BA,227.52841,1629,43.523833,43.523833,6,North
CAON4BB,351.45382,2719,43.523833,43.523833,6,North
CAON4BC,228.80021,1676,43.523833,43.523833,6,North
MXDN1A,351.97697,2273,25.7277777,25.7277777,22,North
MXDN1B,341.64404,2289,25.7277777,25.7277777,22,North
MXDN1C,328.52922,2188,25.7277777,25.7277777,22,North
MXDN1D,325.8641,1987,25.7277777,25.7277777,22,North
MXDN1E,315.85481,1822,25.7277777,25.7277777,22,North
MXDN1F,315.83956,1864,25.7277777,25.7277777,22,North
MXDN1G,376.7193,2377,25.7277777,25.7277777,22,North
MXDN1H,452.41316,3245,25.7277777,25.7277777,22,North
MXEA1A,385.31282,2693,20.5241667,20.5241667,19,North
MXEA1B,331.27986,2230,20.5241667,20.5241667,19,North
MXEA1C,337.16461,2258,20.5241667,20.5241667,19,North
MXEA2A,328.39409,2230,20.5241667,20.5241667,19,North
MXEA2B,331.81186,2261,20.5241667,20.5241667,19,North
MXEA2C,370.99627,2561,20.5241667,20.5241667,19,North
MXEA3A,332.36531,2280,20.5241667,20.5241667,19,North
MXEA3B,317.90048,2191,20.5241667,20.5241667,19,North
MXEA3C,326.9225,2218,20.5241667,20.5241667,19,North
USAG1A,393.04202,2628,33.396025,33.396025,17,North
USAG1B,393.91524,2618,33.396025,33.396025,17,North
USAG1C,402.88318,2671,33.396025,33.396025,17,North
USAG2A,408.91816,2735,33.396025,33.396025,17,North
USAG2B,397.37784,2608,33.396025,33.396025,17,North
USAG2C,394.88623,2607,33.396025,33.396025,17,North
USAG3A,394.07099,2663,33.396025,33.396025,17,North
USAG3B,398.88281,2667,33.396025,33.396025,17,North
USAG3C,392.10892,2534,33.396025,33.396025,17,North
USAG4A,391.88856,2580,33.396025,33.396025,17,North
USAG4B,382.12255,2485,33.396025,33.396025,17,North
USAG4C,388.38824,2568,33.396025,33.396025,17,North
USAK1A,160.44449,1177,64.853378,64.853378,0,North
USAK1B,174.56729,1195,64.853378,64.853378,0,North
USAK1C,162.32401,1149,64.853378,64.853378,0,North
USAK1D,171.09921,1266,64.853378,64.853378,0,North
USAK2A,161.97645,1167,64.853378,64.853378,0,North
USAK2B,186.39601,1308,64.853378,64.853378,0,North
USAK2C,168.95476,1273,64.853378,64.853378,0,North
USAK2D,179.11488,1243,64.853378,64.853378,0,North
USAK3A,175.48545,1175,64.853378,64.853378,0,North
USAK3B,160.8472,1128,64.853378,64.853378,0,North
USAK3C,172.35734,1213,64.853378,64.853378,0,North
USAK3D,177.10915,1257,64.853378,64.853378,0,North
USAT01A,401.64462,3023,34.2860248,34.2860248,16,North
USAT01B,404.65878,3047,34.2860248,34.2860248,16,North
USAT01C,456.46731,3533,34.2860248,34.2860248,16,North
USAT02A,260.67502,1921,34.087483,34.087483,16,North
USAT02B,277.97115,2078,34.087483,34.087483,16,North
USAT02C,272.25586,2077,34.087483,34.087483,16,North
USAT03A,322.35953,2292,34.1302345,34.1302345,16,North
USAT03B,336.67136,2297,34.1302345,34.1302345,16,North
USAT03C,448.30268,3477,34.1302345,34.1302345,16,North
USAT04A,412.36103,3034,34.1302345,34.1302345,16,North
USAT04B,404.00417,2972,34.1302345,34.1302345,16,North
USAT04C,398.21924,2928,34.1302345,34.1302345,16,North
USAT05A,287.55459,2097,34.1374661,34.1374661,16,North
USAT05B,285.69876,2143,34.1374661,34.1374661,16,North
USAT05C,277.16423,1995,34.1374661,34.1374661,16,North
USAT07A,319.39379,2220,33.5865462,33.5865462,16,North
USAT07B,325.75329,2333,33.5865462,33.5865462,16,North
USAT07C,442.94845,3391,33.5865462,33.5865462,16,North
USAT08A,344.40568,2443,33.6789178,33.6789178,16,North
USAT08B,419.74658,3196,33.6789178,33.6789178,16,North
USAT08C,339.16926,2387,33.6789178,33.6789178,16,North
USAT09A,267.43551,1867,33.5903939,33.5903939,16,North
USAT09B,264.8185,1822,33.5903939,33.5903939,16,North
USAT09C,271.73267,1829,33.5903939,33.5903939,16,North
USAT10A,317.17148,2264,33.6055229,33.6055229,16,North
USAT10B,309.67493,2300,33.6055229,33.6055229,16,North
USAT10C,311.75622,2337,33.6055229,33.6055229,16,North
USAT11A,414.69815,3037,33.9604823,33.9604823,16,North
USAT11B,420.33038,2940,33.9604823,33.9604823,16,North
USAT11C,414.44206,2883,33.9604823,33.9604823,16,North
USAT12A,343.63869,2612,34.0169066,34.0169066,16,North
USAT12B,334.6017,2608,34.0169066,34.0169066,16,North
USAT12C,353.19965,2775,34.0169066,34.0169066,16,North
USBT1A,314.43987,2182,41.567427,41.567427,10,North
USBT1B,326.76164,2268,41.567427,41.567427,10,North
USBT1C,313.77381,2176,41.567427,41.567427,10,North
USBT2A,326.67433,2379,41.0485141,41.0485141,10,North
USBT2B,357.17804,2679,41.0485141,41.0485141,10,North
USBT2C,310.07986,2258,41.0485141,41.0485141,10,North
USBT3A,291.0008,2249,41.567427,41.567427,10,North
USBT3B,281.73023,2105,41.567427,41.567427,10,North
USBT3C,301.38557,2234,41.567427,41.567427,10,North
USBT4A,272.945,1995,42.1434453,42.1434453,9,North
USBT4B,264.36957,1950,42.1434453,42.1434453,9,North
USBT4C,273.08343,1995,42.1434453,42.1434453,9,North
USBT5A,270.71053,1951,41.95932,41.95932,10,North
USBT5B,271.70426,2024,41.95932,41.95932,10,North
USBT5C,250.4448,1887,41.95932,41.95932,10,North
USBT6A,307.82406,2266,41.95932,41.95932,10,North
USBT6B,296.56657,2178,41.95932,41.95932,10,North
USBT6C,299.56296,2218,41.95932,41.95932,10,North
USCB1AA,272.06393,1839,38.9209554,38.9209554,12,North
USCB1AB,263.79689,1756,38.9209554,38.9209554,12,North
USCB1AC,273.57661,1849,38.9209554,38.9209554,12,North
USCB1BA,264.48251,1790,38.9209554,38.9209554,12,North
USCB1BB,270.4729,1820,38.9209554,38.9209554,12,North
USCB1BC,259.1156,1774,38.9209554,38.9209554,12,North
USCB1CA,304.56089,2133,38.9209554,38.9209554,12,North
USCB1CB,310.77051,2128,38.9209554,38.9209554,12,North
USCB1CC,291.16276,2049,38.9209554,38.9209554,12,North
USCB1DA,300.61636,2115,38.9209554,38.9209554,12,North
USCB1DB,312.81532,2155,38.9209554,38.9209554,12,North
USCB1DC,298.64448,2067,38.9209554,38.9209554,12,North
USCG1A,333.92342,2331,41.9997403,41.9997403,8,North
USCG1B,340.27557,2364,41.9997403,41.9997403,8,North
USCG1C,328.14541,2292,41.9997403,41.9997403,8,North
USCG2A,363.64667,2599,41.8216038,41.8216038,10,North
USCG2B,361.25132,2524,41.8216038,41.8216038,10,North
USCG2C,362.24678,2554,41.8216038,41.8216038,10,North
USCG3A,394.66928,2921,42.022339,42.022339,9,North
USCG3B,403.56181,2938,42.022339,42.022339,9,North
USCG3C,391.81642,2896,42.022339,42.022339,9,North
USCG4AA,340.61222,2350,42.0177105,42.0177105,9,North
USCG4AB,334.70619,2371,42.0177105,42.0177105,9,North
USCG4AC,330.08528,2341,42.0177105,42.0177105,9,North
USCG4BA,332.14019,2448,42.0177105,42.0177105,9,North
USCG4BB,311.25879,2265,42.0177105,42.0177105,9,North
USCG4BC,329.96148,2322,42.0177105,42.0177105,9,North
USCG5A,329.04137,2298,42.0199674,42.0199674,9,North
USCG5B,340.04367,2321,42.0199674,42.0199674,9,North
USCG5C,328.52172,2254,42.0199674,42.0199674,9,North
USCT1A,303.69329,2139,35.0456297,35.0456297,16,North
USCT1B,294.57316,2064,35.0456297,35.0456297,16,North
USCT1C,301.4728,2118,35.0456297,35.0456297,16,North
USCT1D,303.33797,2026,35.0456297,35.0456297,16,North
USCT1E,295.43946,2015,35.0456297,35.0456297,16,North
USCT1F,286.76731,2006,35.0456297,35.0456297,16,North
USCT1G,299.62241,2085,35.0456297,35.0456297,16,North
USCT1H,293.39844,2026,35.0456297,35.0456297,16,North
USCT1I,277.64542,1878,35.0456297,35.0456297,16,North
USDA1A,427.86614,3024,32.7717421,32.7717421,19,North
USDA1B,433.2453,3016,32.7717421,32.7717421,19,North
USDA1C,428.33045,2968,32.7717421,32.7717421,19,North
USDA1D,443.54306,3068,32.7717421,32.7717421,19,North
USDA1E,437.21553,3005,32.7717421,32.7717421,19,North
USDA1F,431.15885,2970,32.7717421,32.7717421,19,North
USDA1G,415.25843,2874,32.7717421,32.7717421,19,North
USDA1H,411.83163,2764,32.7717421,32.7717421,19,North
USDA1I,405.08541,2894,32.7717421,32.7717421,19,North
USDA1J,426.47369,2957,32.7717421,32.7717421,19,North
USDA1K,412.94177,2909,32.7717421,32.7717421,19,North
USDA1L,413.07184,2849,32.7717421,32.7717421,19,North
USDA2A,336.51873,2137,32.6467971,32.6467971,18,North
USDA2B,330.79031,2217,32.6467971,32.6467971,18,North
USDA2C,326.24043,2067,32.6467971,32.6467971,18,North
USDA2D,325.67628,2167,32.6467971,32.6467971,18,North
USDA2E,321.73601,2163,32.6467971,32.6467971,18,North
USDA2F,327.47108,2171,32.6467971,32.6467971,18,North
USDA2G,328.44088,2150,32.6467971,32.6467971,18,North
USDA2H,320.16478,2079,32.6467971,32.6467971,18,North
USDA2I,332.84001,2209,32.6467971,32.6467971,18,North
USDA2J,331.86149,2198,32.6467971,32.6467971,18,North
USDA2K,314.4456,2048,32.6467971,32.6467971,18,North
USDA2L,322.3511,2142,32.6467971,32.6467971,18,North
USDC1A,273.74286,1766,38.820406,38.820406,15,North
USDC1B,275.99312,1851,38.820406,38.820406,15,North
USDC1C,266.44564,1762,38.820406,38.820406,15,North
USDC2A,269.31693,1759,38.820406,38.820406,15,North
USDC2B,261.19822,1748,38.820406,38.820406,15,North
USDC2C,264.58334,1761,38.820406,38.820406,15,North
USDC3A,212.48483,1374,38.820406,38.820406,15,North
USDC3B,212.62345,1401,38.820406,38.820406,15,North
USDC3C,215.07776,1443,38.820406,38.820406,15,North
USDC4A,195.76713,1323,38.820406,38.820406,15,North
USDC4B,200.1385,1366,38.820406,38.820406,15,North
USDC4C,201.21596,1353,38.820406,38.820406,15,North
USMD1A,252.88288,1803,39.232623,39.232623,14,North
USMD1B,252.54478,1714,39.232623,39.232623,14,North
USMD1C,241.68664,1738,39.232623,39.232623,14,North
USMD2A,248.4778,1778,39.232623,39.232623,14,North
USMD2B,246.42937,1749,39.232623,39.232623,14,North
USMD2C,236.79564,1614,39.232623,39.232623,14,North
USMD3A,227.98482,1676,39.232623,39.232623,14,North
USMD3B,262.15593,1972,39.232623,39.232623,14,North
USMD3C,228.07666,1704,39.232623,39.232623,14,North
USMD4A,251.44812,1956,39.232623,39.232623,14,North
USMD4B,259.11337,1935,39.232623,39.232623,14,North
USMD4C,252.15095,1900,39.232623,39.232623,14,North
USFT1A,324.24777,2445,35.3374619,35.3374619,16,North
USFT1B,328.7143,2440,35.3374619,35.3374619,16,North
USFT1C,320.39668,2381,35.3374619,35.3374619,16,North
USFT2A,315.56321,2307,35.3667802,35.3667802,16,North
USFT2B,313.00004,2278,35.3667802,35.3667802,16,North
USFT2C,320.94025,2345,35.3667802,35.3667802,16,North
USFT3A,333.18149,2339,36.0808113,36.0808113,13,North
USFT3B,342.37264,2500,36.0808113,36.0808113,13,North
USFT3C,323.37892,2321,36.0808113,36.0808113,13,North
USFT4A,305.6202,2209,36.0806674,36.0806674,13,North
USFT4B,312.51841,2266,36.0806674,36.0806674,13,North
USFT4C,308.87229,2206,36.0806674,36.0806674,13,North
USFT5A,311.04143,2180,36.2228008,36.2228008,14,North
USFT5B,313.14507,2192,36.2228008,36.2228008,14,North
USFT5C,303.46217,2060,36.2228008,36.2228008,14,North
USHI1A,337.85084,2177,21.3430659,21.3430659,25,North
USHI1B,328.38646,2163,21.3430659,21.3430659,25,North
USHI1C,329.26044,2144,21.3430659,21.3430659,25,North
USHI2A,411.09134,2803,21.6507054,21.6507054,22,North
USHI2B,405.56616,2843,21.6507054,21.6507054,22,North
USHI2C,399.10494,2764,21.6507054,21.6507054,22,North
USHI3A,311.73775,2191,21.6838646,21.6838646,22,North
USHI3B,325.40375,2228,21.6838646,21.6838646,22,North
USHI3C,325.61853,2265,21.6838646,21.6838646,22,North
USHI4A,288.95779,1737,21.2825978,21.2825978,25,North
USHI4B,275.59087,1664,21.2825978,21.2825978,25,North
USHI4C,281.68794,1665,21.2825978,21.2825978,25,North
USHS1A,433.80975,3101,29.6907672,29.6907672,21,North
USHS1B,420.7357,3004,29.6907672,29.6907672,21,North
USHS1C,421.62209,3068,29.6907672,29.6907672,21,North
USHS1D,426.22888,2995,29.6907672,29.6907672,21,North
USHS2A,425.98944,3215,29.6966398,29.6966398,21,North
USHS2B,423.73015,3090,29.6966398,29.6966398,21,North
USHS2C,403.30172,3005,29.6966398,29.6966398,21,North
USHS3A,392.23598,2640,29.8429697,29.8429697,21,North
USHS3B,385.00013,2694,29.8429697,29.8429697,21,North
USHS3C,380.73015,2616,29.8429697,29.8429697,21,North
USHS4A,393.09682,2793,29.8429697,29.8429697,21,North
USHS4B,399.14302,2901,29.8429697,29.8429697,21,North
USHS4C,396.05287,2802,29.8429697,29.8429697,21,North
USHP1AA,443.94129,3427,36.0754183,36.0754183,15,North
USHP1AA2,426.29065,3138,36.0754183,36.0754183,15,North
USHP1AB,409.36972,3079,36.0754183,36.0754183,15,North
USHP1AB2,424.82665,3136,36.0754183,36.0754183,15,North
USHP1AC,417.11182,3095,36.0754183,36.0754183,15,North
USHP1AC2,429.00162,3140,36.0754183,36.0754183,15,North
USHP1AD,411.36522,3058,36.0754183,36.0754183,15,North
USHP1AD2,434.25132,3132,36.0754183,36.0754183,15,North
USHP1AE,421.85019,3175,36.0754183,36.0754183,15,North
USHP1AE2,419.70436,3046,36.0754183,36.0754183,15,North
USHP1AF,400.45485,3090,36.0754183,36.0754183,15,North
USHP1AF2,420.50417,3035,36.0754183,36.0754183,15,North
USHP1AG,407.66243,3044,36.0754183,36.0754183,15,North
USHP1AG2,428.08606,3094,36.0754183,36.0754183,15,North
USHP1AH,422.94883,3217,36.0754183,36.0754183,15,North
USHP1AH2,424.66022,3043,36.0754183,36.0754183,15,North
USHP1AI,415.97478,3099,36.0754183,36.0754183,15,North
USHP1AI2,427.14914,3059,36.0754183,36.0754183,15,North
USHP1AJ,409.69505,3025,36.0754183,36.0754183,15,North
USHP1AJ2,418.22784,2997,36.0754183,36.0754183,15,North
USHP1AK,404.33004,3029,36.0754183,36.0754183,15,North
USHP1AK2,416.50531,3057,36.0754183,36.0754183,15,North
USHP1BA,418.41916,2973,36.0754183,36.0754183,15,North
USHP1BB,408.18594,2877,36.0754183,36.0754183,15,North
USHP1BC,420.2304,2961,36.0754183,36.0754183,15,North
USHP1BD,412.03922,2978,36.0754183,36.0754183,15,North
USHP1BD2,395.89211,2810,36.0754183,36.0754183,15,North
USHP1BE,420.53243,2993,36.0754183,36.0754183,15,North
USHP1BF,418.76254,3068,36.0754183,36.0754183,15,North
USHP1BF2,402.57716,2957,36.0754183,36.0754183,15,North
USHP1BG,413.86432,3050,36.0754183,36.0754183,15,North
USHP1BG2,391.02897,2826,36.0754183,36.0754183,15,North
USHP1BI,395.5212,2890,36.0754183,36.0754183,15,North
USHP1BJ,404.16997,2946,36.0754183,36.0754183,15,North
USHP1BK,403.21052,2927,36.0754183,36.0754183,15,North
USKN1AA,384.75238,2793,35.9606384,35.9606384,15,North
USKN1AB,377.74092,2831,35.9606384,35.9606384,15,North
USKN1AC,394.41908,2911,35.9606384,35.9606384,15,North
USKN1BA,385.00094,2852,35.9606384,35.9606384,15,North
USKN1BB,372.58589,2720,35.9606384,35.9606384,15,North
USKN1BC,368.27628,2705,35.9606384,35.9606384,15,North
USKN2A,341.8928,2407,35.9606384,35.9606384,15,North
USKN2B,340.86667,2415,35.9606384,35.9606384,15,North
USKN2C,405.31868,3137,35.9606384,35.9606384,15,North
USKN3A,284.20365,2005,35.9606384,35.9606384,15,North
USKN3B,280.3387,1939,35.9606384,35.9606384,15,North
USKN3C,294.65459,2073,35.9606384,35.9606384,15,North
USJC1I,466.2127,3582,36.3636089,36.3636089,10,North
USJC1MA,458.13086,3425,36.3636089,36.3636089,10,North
USJC1MB,404.70828,2741,36.3636089,36.3636089,10,North
USJC1O,461.92789,3549,36.3636089,36.3636089,10,North
USJC2I,466.04541,3446,36.3636089,36.3636089,10,North
USJC2MA,458.63916,3513,36.3636089,36.3636089,10,North
USJC2MB,441.81316,3283,36.3636089,36.3636089,10,North
USJC2O,455.38653,3453,36.3636089,36.3636089,10,North
USKP1I,318.89981,2107,36.550825,36.550825,13,North
USKP1MA,318.91294,2178,36.550825,36.550825,13,North
USKP1MB,347.22156,2367,36.550825,36.550825,13,North
USKP1O,305.91928,2075,36.550825,36.550825,13,North
USKP2I,330.79931,2333,36.550825,36.550825,13,North
USKP2M,337.72173,2352,36.550825,36.550825,13,North
USKP2O,319.19776,2227,36.550825,36.550825,13,North
USLA1A,303.27482,1949,34.032276,34.032276,21,North
USLA1B,302.18307,1966,34.032276,34.032276,21,North
USLA1C,311.65403,2030,34.032276,34.032276,21,North
USLA2A,325.54536,2184,34.030997,34.030997,21,North
USLA2B,329.34747,2180,34.030997,34.030997,21,North
USLA2C,340.58106,2213,34.030997,34.030997,21,North
USLA3A,335.74132,2192,36.548602,36.548602,13,North
USLA3B,351.08372,2379,36.548602,36.548602,13,North
USLA3C,354.82147,2372,36.548602,36.548602,13,North
USLA4A,302.47456,1950,34.056032,34.056032,20,North
USLA4B,296.40605,1969,34.056032,34.056032,20,North
USLA4C,291.59845,1880,34.056032,34.056032,20,North
USLC1A,253.89642,1771,40.837499,40.837499,11,North
USLC1B,256.30184,1811,40.837499,40.837499,11,North
USLC1C,278.09391,1888,40.837499,40.837499,11,North
USLC2A,319.10048,2279,40.837499,40.837499,11,North
USLC2B,314.88973,2228,40.837499,40.837499,11,North
USLC2C,307.85731,2211,40.837499,40.837499,11,North
USLC3A,318.00821,2172,40.837499,40.837499,11,North
USLC3B,314.96135,2195,40.837499,40.837499,11,North
USLC3C,312.14652,2175,40.837499,40.837499,11,North
USLC4A,254.42625,1768,40.881919,40.881919,11,North
USLC4B,254.03907,1758,40.881919,40.881919,11,North
USLC4C,247.68193,1753,40.881919,40.881919,11,North
USMI1A,281.44512,2111,42.269937,42.269937,7,North
USMI1B,281.7981,1937,42.269937,42.269937,7,North
USMI1C,259.65604,1885,42.269937,42.269937,7,North
USMI2A,214.68245,1558,42.284891,42.284891,10,North
USMI2B,231.66067,1573,42.284891,42.284891,10,North
USMI2C,220.80964,1670,42.284891,42.284891,10,North
USMI3A,301.54949,2254,42.225078,42.225078,10,North
USMI3B,308.03549,2268,42.225078,42.225078,10,North
USMI3C,290.4775,2198,42.225078,42.225078,10,North
USMI4A,349.52954,2517,42.324367,42.324367,7,North
USMI4B,347.06275,2539,42.324367,42.324367,7,North
USMI4C,341.32175,2478,42.324367,42.324367,7,North
USNO1A,353.66131,2451,35.250685,35.250685,15,North
USNO1B,316.4932,2269,35.250685,35.250685,15,North
USNO1C,339.92262,2504,35.250685,35.250685,15,North
USNO2A,371.40617,2578,35.1461,35.1461,15,North
USNO2B,539.7829,2994,35.1461,35.1461,15,North
USNO2C,544.38876,3051,35.1461,35.1461,15,North
USNO2D,549.88437,3057,35.1461,35.1461,15,North
USNO2E,564.82894,3409,35.1461,35.1461,15,North
USNO2F,567.61607,3599,35.1461,35.1461,15,North
USOK01A,441.55143,2290,35.4250943,35.4250943,16,North
USOK01B,421.5303,2032,35.4250943,35.4250943,16,North
USOK01C,409.68683,1998,35.4250943,35.4250943,16,North
USOK02A,528.70789,2983,35.4211512,35.4211512,15,North
USOK02B,530.78204,2987,35.4211512,35.4211512,15,North
USOK02C,529.06894,2929,35.4211512,35.4211512,15,North
USOK03A,515.72439,2906,35.6711219,35.6711219,16,North
USOK03B,505.74587,2831,35.6711219,35.6711219,16,North
USOK03C,522.50872,2956,35.6711219,35.6711219,16,North
USOK03D,508.57928,2899,35.6711219,35.6711219,16,North
USOK03E,363.33577,2657,35.6711219,35.6711219,16,North
USOK03F,365.107,2519,35.6711219,35.6711219,16,North
USOK03G,387.58802,2875,35.6711219,35.6711219,16,North
USOK03H,365.2061,2638,35.6711219,35.6711219,16,North
USOK03I,374.10892,2656,35.6711219,35.6711219,16,North
USOK03J,386.80252,2763,35.6711219,35.6711219,16,North
USOK03K,389.52859,2795,35.6711219,35.6711219,16,North
USOK03L,381.73681,2710,35.6711219,35.6711219,16,North
USOK04A,377.06466,2747,35.524735,35.524735,15,North
USOK04B,357.43158,2533,35.524735,35.524735,15,North
USOK04C,388.38525,2691,35.524735,35.524735,15,North
USOK05A,345.78793,2324,35.405229,35.405229,16,North
USOK05B,345.90236,2137,35.405229,35.405229,16,North
USOK05C,356.22419,2407,35.405229,35.405229,16,North
USOK06A,237.91643,1568,35.253494,35.253494,15,North
USOK06B,241.82558,1638,35.253494,35.253494,15,North
USOK06C,234.09979,1529,35.253494,35.253494,15,North
USOK07A,303.35697,2136,35.1773201,35.1773201,14,North
USOK07B,328.335,2441,35.1773201,35.1773201,14,North
USOK07C,317.38883,2351,35.1773201,35.1773201,14,North
USOK08A,372.35283,2639,37.783758,37.783758,13,North
USOK08B,368.53777,2628,37.783758,37.783758,13,North
USOK08C,424.36598,3293,37.783758,37.783758,13,North
USOK09A,309.49233,2098,36.8058631,36.8058631,15,North
USOK09B,306.02876,2096,36.8058631,36.8058631,15,North
USOK09C,311.30804,2062,36.8058631,36.8058631,15,North
USOK10A,362.36669,2587,35.522684,35.522684,18,North
USOK10B,370.85094,2561,35.522684,35.522684,18,North
USOK10C,367.07434,2534,35.522684,35.522684,18,North
USOK11A,345.59641,2358,35.3750995,35.3750995,15,North
USOK11B,336.47186,2320,35.3750995,35.3750995,15,North
USOK11C,329.944,2314,35.3750995,35.3750995,15,North
USOP1AA,283.79332,2014,32.660812,32.660812,17,North
USOP1AB,276.67771,1993,32.660812,32.660812,17,North
USOP1AC,288.3587,2015,32.660812,32.660812,17,North
USOP1BA,297.82369,2116,32.660812,32.660812,17,North
USOP1BB,287.1607,2042,32.660812,32.660812,17,North
USOP1BC,354.22666,2546,32.660812,32.660812,17,North
USOP1CA,287.6654,2007,32.660812,32.660812,17,North
USOP1CB,281.60415,2032,32.660812,32.660812,17,North
USOP1CC,287.24686,2001,32.660812,32.660812,17,North
USOP1DA,298.69311,2131,32.660812,32.660812,17,North
USOP1DB,290.82742,2064,32.660812,32.660812,17,North
USOP1DC,289.46471,2029,32.660812,32.660812,17,North
USPT1A,155.10586,1239,45.595913,45.595913,13,North
USPT1B,160.90993,1277,45.595913,45.595913,13,North
USPT1C,157.04425,1230,45.595913,45.595913,13,North
USPT2A,168.36612,1326,45.595913,45.595913,13,North
USPT2B,177.65206,1315,45.595913,45.595913,13,North
USPT2C,156.87399,1221,45.595913,45.595913,13,North
USPT3A,165.86789,1297,45.595913,45.595913,13,North
USPT3B,160.79566,1246,45.595913,45.595913,13,North
USPT3C,157.46143,1235,45.595913,45.595913,13,North
USPT4A,150.7047,1178,45.595913,45.595913,13,North
USPT4B,163.00216,1298,45.595913,45.595913,13,North
USPT4C,163.8213,1311,45.595913,45.595913,13,North
USRE1A,419.05995,3059,35.671455,35.671455,15,North
USRE1B,370.10073,2722,35.671455,35.671455,15,North
USRE1C,374.92736,2738,35.671455,35.671455,15,North
USRE2A,272.19747,2077,35.90087,35.90087,14,North
USRE2B,271.38482,2063,35.90087,35.90087,14,North
USRE2C,269.7745,2011,35.90087,35.90087,14,North
USRE3A,393.16579,2971,35.842604,35.842604,16,North
USRE3B,387.00553,2946,35.842604,35.842604,16,North
USRE3C,383.8941,2964,35.842604,35.842604,16,North
USRE4A,373.55669,2813,35.880862,35.880862,16,North
USRE4B,379.04537,2902,35.880862,35.880862,16,North
USRE4C,384.80636,2917,35.880862,35.880862,16,North
USRE5A,335.18557,2677,35.7180193,35.7180193,16,North
USRE5B,333.16454,2611,35.7180193,35.7180193,16,North
USRE5C,326.96192,2571,35.7180193,35.7180193,16,North
USRE6A,372.2677,2755,36.02678,36.02678,16,North
USRE6B,367.30773,2769,36.02678,36.02678,16,North
USRE6C,359.80877,2720,36.02678,36.02678,16,North
USRE7A,381.35813,2754,35.904071,35.904071,14,North
USRE7B,367.51635,2707,35.904071,35.904071,14,North
USRE7C,365.88246,2650,35.904071,35.904071,14,North
USRE8A,326.50268,2322,36.084499,36.084499,15,North
USRE8B,335.69114,2381,36.084499,36.084499,15,North
USRE8C,340.32798,2430,36.084499,36.084499,15,North
USRE9A,393.74589,2915,35.649825,35.649825,16,North
USRE9B,389.86746,2932,35.649825,35.649825,16,North
USRE9C,389.40833,2787,35.649825,35.649825,16,North
USSD1AA,260.49677,1674,33.116513,33.116513,18,North
USSD1AB,259.86599,1655,33.116513,33.116513,18,North
USSD1AC,266.22453,1679,33.116513,33.116513,18,North
USSD1BA,268.0567,1713,33.116513,33.116513,18,North
USSD1BB,256.05932,1679,33.116513,33.116513,18,North
USSD1BC,244.49245,1587,33.116513,33.116513,18,North
USSD1CA,270.44699,1758,33.116513,33.116513,18,North
USSD1CB,257.0304,1664,33.116513,33.116513,18,North
USSD1CC,257.42612,1629,33.116513,33.116513,18,North
USSD2AA,191.16522,1292,33.105909,33.105909,18,North
USSD2AB,186.49258,1235,33.105909,33.105909,18,North
USSD2AC,187.21268,1276,33.105909,33.105909,18,North
USSD2BA,198.40481,1288,33.105909,33.105909,18,North
USSD2BB,188.04728,1283,33.105909,33.105909,18,North
USSD2BC,186.22461,1245,33.105909,33.105909,18,North
USSF1A,266.79615,1890,38.015549,38.015549,18,North
USSF1B,269.45195,1919,38.015549,38.015549,18,North
USSF1C,413.5176,3078,38.015549,38.015549,18,North
USSF2A,236.18193,1802,37.801288,37.801288,16,North
USSF2B,219.54282,1687,37.801288,37.801288,16,North
USSF2C,243.43459,1911,37.801288,37.801288,16,North
USSF3A,178.36646,1319,37.543328,37.543328,16,North
USSF3B,173.35348,1308,37.543328,37.543328,16,North
USSF3C,171.25999,1243,37.543328,37.543328,16,North
USSF4A,350.5093,2691,37.452075,37.452075,17,North
USSF4B,349.55748,2678,37.452075,37.452075,17,North
USSF4C,343.68052,2622,37.452075,37.452075,17,North
USRT1A,267.55182,2004,47.470166,47.470166,13,North
USRT1B,261.2313,1936,47.470166,47.470166,13,North
USRT1C,240.38447,1833,47.470166,47.470166,13,North
USRT2A,261.37609,1987,47.470166,47.470166,13,North
USRT2B,249.84394,1848,47.470166,47.470166,13,North
USRT2C,246.71938,1860,47.470166,47.470166,13,North
USST1AA,414.30487,3068,47.661907,47.661907,13,North
USST1AB,195.97726,1411,47.661907,47.661907,13,North
USST1AC,191.37848,1381,47.661907,47.661907,13,North
USST1BA,191.85986,1405,47.661907,47.661907,13,North
USST1BB,191.36962,1397,47.661907,47.661907,13,North
USST1BC,203.16493,1393,47.661907,47.661907,13,North
USTE1A,325.97067,2217,33.424054,33.424054,25,North
USTE1B,321.66361,2201,33.424054,33.424054,25,North
USTE1C,319.84999,2210,33.424054,33.424054,25,North
USTE2A,371.85044,2584,33.4483771,33.4483771,25,North
USTE2B,365.59565,2586,33.4483771,33.4483771,25,North
USTE2C,362.71968,2578,33.4483771,33.4483771,25,North
USTE3A,305.57966,2123,33.430785,33.430785,24,North
USTE3B,288.77973,1852,33.430785,33.430785,24,North
USTE3C,323.04063,2102,33.430785,33.430785,24,North
USTE4A,362.00864,2467,33.263711,33.263711,23,North
USTE4B,367.3899,2419,33.263711,33.263711,23,North
USTE4C,376.94852,2386,33.263711,33.263711,23,North
USTF1AA,382.45528,2671,31.44537,31.44537,18,North
USTF1AB,392.93325,2642,31.44537,31.44537,18,North
USTF1AC,396.0823,2731,31.44537,31.44537,18,North
USTF1BA,396.78654,2658,31.44537,31.44537,18,North
USTF1BB,389.58637,2618,31.44537,31.44537,18,North
USTF1BC,377.45798,2542,31.44537,31.44537,18,North
USTF1CA,393.98738,2682,31.44537,31.44537,18,North
USTF1CB,380.10904,2633,31.44537,31.44537,18,North
USTF1CC,385.03937,2596,31.44537,31.44537,18,North
USTF1DA,384.37959,2668,31.44537,31.44537,18,North
USTF1DB,379.98012,2677,31.44537,31.44537,18,North
USTF1DC,391.40824,2635,31.44537,31.44537,18,North
USTP1A,271.4149,1693,27.9237323,27.9237323,21,North
USTP1B,282.31291,1765,27.9237323,27.9237323,21,North
USTP1C,274.46987,1654,27.9237323,27.9237323,21,North
USTP1D,278.80221,1754,27.9237323,27.9237323,21,North
USTP1E,397.25197,2626,27.9237323,27.9237323,21,North
USTP1F,398.73228,2637,27.9237323,27.9237323,21,North
USTP1G,388.78766,2623,27.9237323,27.9237323,21,North
USTP1H,395.69857,2687,27.9237323,27.9237323,21,North
USTP1I,397.99268,2682,27.9237323,27.9237323,21,North
USTP1J,395.38384,2676,27.9237323,27.9237323,21,North
USTP1K,462.40694,3395,27.9237323,27.9237323,21,North
USTP1L,386.44769,2594,27.9237323,27.9237323,21,North
USTP1M,398.16191,2648,27.9237323,27.9237323,21,North
USTU1AA,372.16459,2548,34.227477,34.227477,16,North
USTU1AB,363.62736,2516,34.227477,34.227477,16,North
USTU1AC,363.56545,2496,34.227477,34.227477,16,North
USTU1BA,370.93654,2467,34.227477,34.227477,16,North
USTU1BB,364.38808,2453,34.227477,34.227477,16,North
USTU1BC,368.11366,2448,34.227477,34.227477,16,North
USTU1CA,378.21105,2551,34.227477,34.227477,16,North
USTU1CB,366.88289,2508,34.227477,34.227477,16,North
USTU1CC,355.67832,2472,34.227477,34.227477,16,North
USTU1DA,377.98195,2543,34.227477,34.227477,16,North
USTU1DB,358.61348,2412,34.227477,34.227477,16,North
USTU1DC,368.32079,2492,34.227477,34.227477,16,North
USVA1A,219.27529,1444,36.921475,36.921475,16,North
USVA1B,302.60888,2060,36.921475,36.921475,16,North
USVA1C,230.68966,1548,36.921475,36.921475,16,North
USVA2A,307.66847,2085,36.882412,36.882412,15,North
USVA2B,302.4529,2026,36.882412,36.882412,15,North
USVA2C,291.37181,1937,36.882412,36.882412,15,North
USVA3A,246.50672,1730,36.77219,36.77219,15,North
USVA3B,233.69784,1672,36.77219,36.77219,15,North
USVA3C,227.70316,1606,36.77219,36.77219,15,North
USVA4A,248.19758,1637,36.908213,36.908213,15,North
USVA4B,227.67681,1554,36.908213,36.908213,15,North
USVA4C,223.98381,1522,36.908213,36.908213,15,North
USVA5A,268.81735,1943,36.892343,36.892343,13,North
USVA5B,268.87287,1902,36.892343,36.892343,13,North
USVA5C,255.68109,1783,36.892343,36.892343,13,North
USVA6A,329.8342,2217,36.964124,36.964124,15,North
USVA6B,331.97015,2196,36.964124,36.964124,15,North
USVA6C,334.53171,2211,36.964124,36.964124,15,North
USVA7A,244.23078,1708,37.085187,37.085187,16,North
USVA7B,250.93048,1714,37.085187,37.085187,16,North
USVA7C,254.56388,1788,37.085187,37.085187,16,North
USVA8A,271.55299,1709,37.201091,37.201091,16,North
USVA8B,265.88246,1691,37.201091,37.201091,16,North
USVA8C,286.40063,1868,37.201091,37.201091,16,North
USVA9A,316.68758,2193,37.212502,37.212502,16,North
USVA9B,322.72947,2192,37.212502,37.212502,16,North
USVA9C,325.37637,2246,37.212502,37.212502,16,North
USVD1AA,359.71672,2603,32.222967,32.222967,19,North
USVD1AB,358.15471,2587,32.222967,32.222967,19,North
USVD1AC,357.8313,2667,32.222967,32.222967,19,North
USVD1BA,360.55363,2632,32.222967,32.222967,19,North
USVD1BB,367.60191,2650,32.222967,32.222967,19,North
USVD1BC,367.0084,2613,32.222967,32.222967,19,North
USVD1CA,374.56294,2732,32.222967,32.222967,19,North
USVD1CB,362.99966,2614,32.222967,32.222967,19,North
USVD1CC,362.33766,2654,32.222967,32.222967,19,North
USVD1DA,373.76143,2685,32.222967,32.222967,19,North
USVD1DB,369.05252,2700,32.222967,32.222967,19,North
USVD1DC,362.21519,2677,32.222967,32.222967,19,North
USWR1AA,317.19825,2111,32.579452,32.579452,18,North
USWR1AB,308.36567,2056,32.579452,32.579452,18,North
USWR1AC,306.86051,2063,32.579452,32.579452,18,North
USWR1BA,307.21315,2087,32.579452,32.579452,18,North
USWR1BB,306.17069,2052,32.579452,32.579452,18,North
USWR1BC,314.46001,2129,32.579452,32.579452,18,North
USWR2AA,352.98754,2547,32.438176,32.438176,18,North
USWR2AB,350.11738,2429,32.438176,32.438176,18,North
USWR2AC,347.89527,2495,32.438176,32.438176,18,North
USWR2BA,357.99234,2583,32.438176,32.438176,18,North
USWR2BB,347.06107,2554,32.438176,32.438176,18,North
USWR2BC,355.6467,2628,32.438176,32.438176,18,North
USWS1AA,403.52931,2744,31.212203,31.212203,22,North
USWS1AB,416.92922,2887,31.212203,31.212203,22,North
USWS1AC,396.67267,2678,31.212203,31.212203,22,North
USWS1BA,412.27205,2707,31.212203,31.212203,22,North
USWS1BB,445.68842,3272,31.212203,31.212203,22,North
USWS1BC,454.89159,3310,31.212203,31.212203,22,North
USWS1CA,495.72828,3801,31.212203,31.212203,22,North
USWS1CB,480.53159,3614,31.212203,31.212203,22,North
USWS1CC,406.86286,2833,31.212203,31.212203,22,North
USWS1DA,402.74236,2832,31.212203,31.212203,22,North
USWS1DB,402.31342,2778,31.212203,31.212203,22,North
USWS1DC,400.57682,2766,31.212203,31.212203,22,North
BRBH1A,181.39201,1155,19.905577,-19.905577,27,South
BRBH1B,207.98217,1284,19.905577,-19.905577,27,South
BRBH1C,191.53408,1253,19.905577,-19.905577,27,South
BRBH2A,189.0787,1247,19.905577,-19.905577,27,South
BRBH2B,206.91319,1362,19.905577,-19.905577,27,South
BRBH2C,190.44881,1210,19.905577,-19.905577,27,South
BRBH3A,197.86597,1295,19.905577,-19.905577,27,South
BRBH3B,182.40083,1196,19.905577,-19.905577,27,South
BRBH3C,201.35351,1292,19.905577,-19.905577,27,South
BRBH4A,198.14994,1297,19.905577,-19.905577,27,South
BRBH4B,200.48944,1293,19.905577,-19.905577,27,South
BRBH4C,210.65792,1384,19.905577,-19.905577,27,South
BROS1A,145.58309,804,3.85662,-3.85662,27,South
BROS1B,137.83398,741,3.85662,-3.85662,27,South
BROS2A,128.6195,640,3.85662,-3.85662,27,South
BROS2B,140.52934,710,3.85662,-3.85662,27,South
BROS2C,117.04126,592,3.85662,-3.85662,27,South
BROS2D,123.21501,612,3.85662,-3.85662,27,South
BROS3A,144.75599,749,3.85662,-3.85662,27,South
BROS3B,152.00865,770,3.85662,-3.85662,27,South
BRRP1A,220.92325,1445,21.10439,-21.10439,24,South
BRRP1B,210.45768,1389,21.10439,-21.10439,24,South
BRRP1C,219.58897,1406,21.10439,-21.10439,24,South
BRRP2A,217.91113,1472,21.10439,-21.10439,24,South
BRRP2B,233.46775,1560,21.10439,-21.10439,24,South
BRRP2C,226.06992,1597,21.10439,-21.10439,24,South
BRRP3A,231.94511,1653,21.10439,-21.10439,24,South
BRRP3B,231.62105,1609,21.10439,-21.10439,24,South
BRRP3C,234.41923,1598,21.10439,-21.10439,24,South
BRRP4A,252.63042,1687,21.10439,-21.10439,24,South
BRRP4B,250.66243,1690,21.10439,-21.10439,24,South
BRRP4C,236.64475,1652,21.10439,-21.10439,24,South
CLVPC1,281.50775,1801,33.449947,-33.449947,15,South
CLVPC2,273.57296,1724,33.449947,-33.449947,15,South
CLVPC3,272.50937,1729,33.449947,-33.449947,15,South
CLVPC4,269.94262,1772,33.449947,-33.449947,15,South
CLVPF1,183.14318,1332,33.449947,-33.449947,15,South
CLVPF2,192.69849,1390,33.449947,-33.449947,15,South
CLVPF3,177.42809,1272,33.449947,-33.449947,15,South
CLVPM1,191.99018,1272,33.540667,-33.540667,15,South
CLVPM2,180.58618,1240,33.540667,-33.540667,15,South
CLVPM3,186.95293,1241,33.540667,-33.540667,15,South
CLVPT1,136.79304,870,33.540667,-33.540667,15,South
CLVPT2,162.38561,1106,33.540667,-33.540667,15,South
CLVPT3,161.93879,1073,33.540667,-33.540667,15,South
COCL1A,211.27369,1173,3.503897,3.503897,25,North
COCL1B,203.44473,1100,3.503897,3.503897,25,North
COCL1C,204.2997,1133,3.503897,3.503897,25,North
COCL2A,146.558,662,3.512259,3.512259,25,North
COCL2B,148.32377,690,3.512259,3.512259,25,North
COCL3A,234.043,1685,3.514639,3.514639,25,North
COCL3B,235.0416,1726,3.514639,3.514639,25,North
COCL3C,231.87846,1676,3.514639,3.514639,25,North
COCL3D,244.01502,1767,3.514639,3.514639,25,North
COCL3E,249.66753,1807,3.514639,3.514639,25,North
COCL3F,244.15038,1796,3.514639,3.514639,25,North
UYUC01,379.25347,2625,34.505926,-34.505926,17,South
UYUC02,375.06014,2585,34.505926,-34.505926,17,South
UYUC03,365.62513,2523,34.505926,-34.505926,17,South
UYUC04,378.06172,2636,34.505926,-34.505926,17,South
UYUC05,374.16988,2574,34.505926,-34.505926,17,South
UYUC06,376.42073,2550,34.505926,-34.505926,17,South
UYUC07,361.91759,2500,34.505926,-34.505926,17,South
UYUC08,371.27173,2523,34.505926,-34.505926,17,South
UYUC09,359.15855,2391,34.505926,-34.505926,17,South
UYUC10,369.68234,2414,34.505926,-34.505926,17,South
UYUC11,355.55908,2446,34.505926,-34.505926,17,South
UYUC12,362.27679,2475,34.505926,-34.505926,17,South
UYUM01,334.73213,2220,34.351219,-34.351219,17,South
UYUM02,331.53814,2314,34.351219,-34.351219,17,South
UYUM03,327.56911,2281,34.351219,-34.351219,17,South
UYUM04,334.21505,2367,34.351219,-34.351219,17,South
UYUM05,331.19599,2327,34.351219,-34.351219,17,South
UYUM06,319.79712,2229,34.351219,-34.351219,17,South
UYUM07,324.15945,2284,34.351219,-34.351219,17,South
UYUM08,334.65956,2350,34.351219,-34.351219,17,South
UYUM09,327.3091,2224,34.351219,-34.351219,17,South
UYUM10,324.59095,2232,34.351219,-34.351219,17,South
UYUM11,335.3688,2329,34.351219,-34.351219,17,South
UYUM12,329.81224,2268,34.351219,-34.351219,17,South